<?xml version = '1.0' encoding = 'UTF-8'?>
<Relation class="oracle.dbtools.crest.model.design.logical.Relation" name="Relation_3" directorySegmentName="seg_0" id="66943B3D-6063-8971-DFEC-6F7454590CCF">
<createdBy>figue</createdBy>
<createdTime>2026-01-07 11:48:17 UTC</createdTime>
<ownerDesignName>Formativa1Version1</ownerDesignName>
<engineerTo>
<item key="80CC7CFE-1741-84C4-4D80-700E08804A14" value="true"/>
</engineerTo>
<sourcePk>E558749B-88CF-B2DA-0396-1C4BB7708E87</sourcePk>
<identifying>false</identifying>
<optionalSource>false</optionalSource>
<optionalTarget>false</optionalTarget>
<sourceCardinality>1</sourceCardinality>
<sourceEntity>FA8EE34B-A96C-B7A8-E800-D60BF0C4EDBD</sourceEntity>
<targetCardinalityString>*</targetCardinalityString>
<targetEntity>EE202C33-7A6F-D031-9C18-1A44F535707F</targetEntity>
<transferable>true</transferable>
<deleteRule>NO ACTION</deleteRule>
</Relation>