<?xml version = '1.0' encoding = 'UTF-8'?>
<Relation class="oracle.dbtools.crest.model.design.logical.Relation" name="Relation_4" directorySegmentName="seg_0" id="6E77CB64-FFBB-D81C-F2B1-561D293FE066">
<createdBy>figue</createdBy>
<createdTime>2026-01-07 11:48:27 UTC</createdTime>
<ownerDesignName>Formativa1Version1</ownerDesignName>
<engineerTo>
<item key="80CC7CFE-1741-84C4-4D80-700E08804A14" value="true"/>
</engineerTo>
<sourcePk>89656FD0-299D-B8C8-86F1-CB1CD87F2E8A</sourcePk>
<identifying>false</identifying>
<optionalSource>false</optionalSource>
<optionalTarget>false</optionalTarget>
<sourceCardinality>1</sourceCardinality>
<sourceEntity>CEAE0C89-CC5E-0331-BC7E-BB3BA67C87C8</sourceEntity>
<targetCardinalityString>*</targetCardinalityString>
<targetEntity>EE202C33-7A6F-D031-9C18-1A44F535707F</targetEntity>
<transferable>true</transferable>
<deleteRule>NO ACTION</deleteRule>
</Relation>