<?xml version = '1.0' encoding = 'UTF-8'?>
<Relation class="oracle.dbtools.crest.model.design.logical.Relation" name="relacion_1" directorySegmentName="seg_0" id="9C22A244-023B-BF63-2042-3D64AB74EF5E">
<createdBy>figue</createdBy>
<createdTime>2026-01-07 11:44:11 UTC</createdTime>
<ownerDesignName>Formativa1Version1</ownerDesignName>
<engineerTo>
<item key="80CC7CFE-1741-84C4-4D80-700E08804A14" value="true"/>
</engineerTo>
<sourcePk>42B5E388-7348-9AC2-67F9-5A01D9A111CD</sourcePk>
<identifying>false</identifying>
<nameOnSource>realiza</nameOnSource>
<nameOnTarget>pertenece a</nameOnTarget>
<optionalSource>false</optionalSource>
<optionalTarget>false</optionalTarget>
<sourceCardinality>1</sourceCardinality>
<sourceEntity>C7D4ABF9-14FC-10E3-F3CB-8BED68560969</sourceEntity>
<targetCardinalityString>*</targetCardinalityString>
<targetEntity>EE202C33-7A6F-D031-9C18-1A44F535707F</targetEntity>
<transferable>true</transferable>
<deleteRule>NO ACTION</deleteRule>
</Relation>