<?xml version = '1.0' encoding = 'UTF-8'?>
<Entity class="oracle.dbtools.crest.model.design.logical.Entity" directorySegmentName="seg_0" id="C7D4ABF9-14FC-10E3-F3CB-8BED68560969" name="PASAJERO">
<createdBy>figue</createdBy>
<createdTime>2026-01-07 10:37:35 UTC</createdTime>
<ownerDesignName>Formativa1Version1</ownerDesignName>
<engineerTo>
<item key="80CC7CFE-1741-84C4-4D80-700E08804A14" value="true"/>
</engineerTo>
<adequatelyNormalized>NO</adequatelyNormalized>
<expectedVolumes>0</expectedVolumes>
<fwdEngineeringStrategyName>Single Table</fwdEngineeringStrategyName>
<growthPercent>0</growthPercent>
<growthType>Year</growthType>
<maxVolumes>9999999</maxVolumes>
<minVolumes>0</minVolumes>
<normalForm>Third</normalForm>
<attributes itemClass="oracle.dbtools.crest.model.design.logical.Attribute">
<Attribute name="id_pasajero" id="7C6E5869-CA54-B23E-A668-2A223D89545B">
<createdBy>figue</createdBy>
<createdTime>2026-01-07 10:40:02 UTC</createdTime>
<ownerDesignName>Formativa1Version1</ownerDesignName>
<engineerTo>
<item key="80CC7CFE-1741-84C4-4D80-700E08804A14" value="true"/>
</engineerTo>
<useDomainConstraints>false</useDomainConstraints>
<use>1</use>
<logicalDatatype>LOGDT024</logicalDatatype>
<dataTypeSize>20 CHAR</dataTypeSize>
<ownDataTypeParameters>20 CHAR,,</ownDataTypeParameters>
</Attribute>
<Attribute name="nombre_completo" id="61FEB1E0-FF03-15F3-69AA-1E43AB00D4D4">
<createdBy>figue</createdBy>
<createdTime>2026-01-07 10:44:42 UTC</createdTime>
<ownerDesignName>Formativa1Version1</ownerDesignName>
<engineerTo>
<item key="80CC7CFE-1741-84C4-4D80-700E08804A14" value="true"/>
</engineerTo>
<useDomainConstraints>false</useDomainConstraints>
<use>1</use>
<logicalDatatype>LOGDT024</logicalDatatype>
<dataTypeSize>100 CHAR</dataTypeSize>
<ownDataTypeParameters>100 CHAR,,</ownDataTypeParameters>
</Attribute>
<Attribute name="fecha_nacimiento" id="6BD30B7A-ED58-7FB7-1D2C-1CEEA414DDFE">
<createdBy>figue</createdBy>
<createdTime>2026-01-07 10:45:22 UTC</createdTime>
<ownerDesignName>Formativa1Version1</ownerDesignName>
<engineerTo>
<item key="80CC7CFE-1741-84C4-4D80-700E08804A14" value="true"/>
</engineerTo>
<useDomainConstraints>false</useDomainConstraints>
<use>1</use>
<logicalDatatype>LOGDT007</logicalDatatype>
<ownDataTypeParameters>,,</ownDataTypeParameters>
</Attribute>
<Attribute name="nacionalidad" id="303D577D-D83F-744E-C34C-563F2D647C4C">
<createdBy>figue</createdBy>
<createdTime>2026-01-07 10:46:09 UTC</createdTime>
<ownerDesignName>Formativa1Version1</ownerDesignName>
<engineerTo>
<item key="80CC7CFE-1741-84C4-4D80-700E08804A14" value="true"/>
</engineerTo>
<useDomainConstraints>false</useDomainConstraints>
<use>1</use>
<logicalDatatype>LOGDT024</logicalDatatype>
<dataTypeSize>50 CHAR</dataTypeSize>
<ownDataTypeParameters>50 CHAR,,</ownDataTypeParameters>
</Attribute>
<Attribute name="telefono" id="95CAF2AB-D882-6943-5728-5C910B660737">
<createdBy>figue</createdBy>
<createdTime>2026-01-07 10:46:39 UTC</createdTime>
<ownerDesignName>Formativa1Version1</ownerDesignName>
<engineerTo>
<item key="80CC7CFE-1741-84C4-4D80-700E08804A14" value="true"/>
</engineerTo>
<nullsAllowed>true</nullsAllowed>
<useDomainConstraints>false</useDomainConstraints>
<use>1</use>
<logicalDatatype>LOGDT024</logicalDatatype>
<dataTypeSize>20 CHAR</dataTypeSize>
<ownDataTypeParameters>20 CHAR,,</ownDataTypeParameters>
</Attribute>
<Attribute name="email" id="11AD7472-2941-B034-23A7-A696B12760ED">
<createdBy>figue</createdBy>
<createdTime>2026-01-07 10:47:56 UTC</createdTime>
<ownerDesignName>Formativa1Version1</ownerDesignName>
<engineerTo>
<item key="80CC7CFE-1741-84C4-4D80-700E08804A14" value="true"/>
</engineerTo>
<nullsAllowed>true</nullsAllowed>
<useDomainConstraints>false</useDomainConstraints>
<use>1</use>
<logicalDatatype>LOGDT024</logicalDatatype>
<dataTypeSize>100 CHAR</dataTypeSize>
<ownDataTypeParameters>100 CHAR,,</ownDataTypeParameters>
</Attribute>
</attributes>
<identifiers itemClass="oracle.dbtools.crest.model.design.logical.CandidateKey">
<identifier id="42B5E388-7348-9AC2-67F9-5A01D9A111CD" name="PASAJERO PK">
<createdBy>figue</createdBy>
<createdTime>2026-01-07 10:42:28 UTC</createdTime>
<ownerDesignName>Formativa1Version1</ownerDesignName>
<engineerTo>
<item key="80CC7CFE-1741-84C4-4D80-700E08804A14" value="true"/>
</engineerTo>
<pk>true</pk>
<usedAttributes>
<attributeRef>7C6E5869-CA54-B23E-A668-2A223D89545B</attributeRef>
</usedAttributes>
</identifier>
</identifiers>
</Entity>