<?xml version = '1.0' encoding = 'UTF-8'?>
<Entity class="oracle.dbtools.crest.model.design.logical.Entity" directorySegmentName="seg_0" id="EE202C33-7A6F-D031-9C18-1A44F535707F" name="RESERVA">
<createdBy>figue</createdBy>
<createdTime>2026-01-07 11:06:12 UTC</createdTime>
<ownerDesignName>Formativa1Version1</ownerDesignName>
<engineerTo>
<item key="80CC7CFE-1741-84C4-4D80-700E08804A14" value="true"/>
</engineerTo>
<adequatelyNormalized>NO</adequatelyNormalized>
<expectedVolumes>0</expectedVolumes>
<fwdEngineeringStrategyName>Single Table</fwdEngineeringStrategyName>
<growthPercent>0</growthPercent>
<growthType>Year</growthType>
<maxVolumes>9999999</maxVolumes>
<minVolumes>0</minVolumes>
<normalForm>Third</normalForm>
<attributes itemClass="oracle.dbtools.crest.model.design.logical.Attribute">
<Attribute name="numero_reserva" id="49C90C60-2BBC-6594-91D2-AC15E56ABFCD">
<createdBy>figue</createdBy>
<createdTime>2026-01-07 11:06:25 UTC</createdTime>
<ownerDesignName>Formativa1Version1</ownerDesignName>
<engineerTo>
<item key="80CC7CFE-1741-84C4-4D80-700E08804A14" value="true"/>
</engineerTo>
<useDomainConstraints>false</useDomainConstraints>
<use>1</use>
<logicalDatatype>LOGDT019</logicalDatatype>
<dataTypePrecision>10</dataTypePrecision>
<ownDataTypeParameters>,10,</ownDataTypeParameters>
</Attribute>
<Attribute name="fecha_reserva" id="BFED3B96-EA54-8475-B885-2FE0860CF4AC">
<createdBy>figue</createdBy>
<createdTime>2026-01-07 11:08:45 UTC</createdTime>
<ownerDesignName>Formativa1Version1</ownerDesignName>
<engineerTo>
<item key="80CC7CFE-1741-84C4-4D80-700E08804A14" value="true"/>
</engineerTo>
<useDomainConstraints>false</useDomainConstraints>
<use>1</use>
<logicalDatatype>LOGDT007</logicalDatatype>
<ownDataTypeParameters>,,</ownDataTypeParameters>
</Attribute>
<Attribute name="fecha_viaje" id="40B08207-1002-A8FB-73BA-144C2236DE9D">
<createdBy>figue</createdBy>
<createdTime>2026-01-07 11:09:37 UTC</createdTime>
<ownerDesignName>Formativa1Version1</ownerDesignName>
<engineerTo>
<item key="80CC7CFE-1741-84C4-4D80-700E08804A14" value="true"/>
</engineerTo>
<useDomainConstraints>false</useDomainConstraints>
<use>1</use>
<logicalDatatype>LOGDT007</logicalDatatype>
<ownDataTypeParameters>,,</ownDataTypeParameters>
</Attribute>
<Attribute name="estado" id="5D6CEDB4-E62D-1BC5-FD25-7539A7D6AFEB">
<createdBy>figue</createdBy>
<createdTime>2026-01-07 11:09:53 UTC</createdTime>
<ownerDesignName>Formativa1Version1</ownerDesignName>
<engineerTo>
<item key="80CC7CFE-1741-84C4-4D80-700E08804A14" value="true"/>
</engineerTo>
<useDomainConstraints>false</useDomainConstraints>
<use>1</use>
<logicalDatatype>LOGDT025</logicalDatatype>
<dataTypeSize>1</dataTypeSize>
<ownDataTypeParameters>1,,</ownDataTypeParameters>
</Attribute>
<Attribute name="id_pasajero" id="9607EA2C-732E-6DD1-9F67-475267D88C68">
<createdBy>figue</createdBy>
<createdTime>2026-01-07 11:44:11 UTC</createdTime>
<generatorID>9C22A244-023B-BF63-2042-3D64AB74EF5E</generatorID>
<ownerDesignName>Formativa1Version1</ownerDesignName>
<engineerTo>
<item key="80CC7CFE-1741-84C4-4D80-700E08804A14" value="true"/>
</engineerTo>
<referedAttribute>7C6E5869-CA54-B23E-A668-2A223D89545B</referedAttribute>
<useDomainConstraints>false</useDomainConstraints>
<use>1</use>
<logicalDatatype>LOGDT024</logicalDatatype>
<dataTypeSize>20 CHAR</dataTypeSize>
<ownDataTypeParameters>20 CHAR,,</ownDataTypeParameters>
</Attribute>
<Attribute name="rut_empleado" id="EE600A2A-D57D-9A8B-87CE-018B0CF5C6F7">
<createdBy>figue</createdBy>
<createdTime>2026-01-07 11:48:17 UTC</createdTime>
<generatorID>66943B3D-6063-8971-DFEC-6F7454590CCF</generatorID>
<ownerDesignName>Formativa1Version1</ownerDesignName>
<engineerTo>
<item key="80CC7CFE-1741-84C4-4D80-700E08804A14" value="true"/>
</engineerTo>
<referedAttribute>BA60FADD-BD1B-7602-AFAA-01634FBC1035</referedAttribute>
<useDomainConstraints>false</useDomainConstraints>
<use>1</use>
<logicalDatatype>LOGDT024</logicalDatatype>
<dataTypeSize>12 CHAR</dataTypeSize>
<ownDataTypeParameters>12 CHAR,,</ownDataTypeParameters>
</Attribute>
<Attribute name="numero_vuelo" id="B3295A0F-F635-2CA2-D833-D9CFE3ED5C04">
<createdBy>figue</createdBy>
<createdTime>2026-01-07 11:48:27 UTC</createdTime>
<generatorID>6E77CB64-FFBB-D81C-F2B1-561D293FE066</generatorID>
<ownerDesignName>Formativa1Version1</ownerDesignName>
<engineerTo>
<item key="80CC7CFE-1741-84C4-4D80-700E08804A14" value="true"/>
</engineerTo>
<referedAttribute>95E7E689-D9B7-CA26-4CAB-D4923C7DA73A</referedAttribute>
<useDomainConstraints>false</useDomainConstraints>
<use>1</use>
<logicalDatatype>LOGDT024</logicalDatatype>
<dataTypeSize>10 CHAR</dataTypeSize>
<ownDataTypeParameters>10 CHAR,,</ownDataTypeParameters>
</Attribute>
</attributes>
<identifiers itemClass="oracle.dbtools.crest.model.design.logical.CandidateKey">
<identifier id="5411ACD9-6987-ADFF-8F69-1E4B6DE9B19B" name="RESERVA PK">
<createdBy>figue</createdBy>
<createdTime>2026-01-07 11:55:39 UTC</createdTime>
<ownerDesignName>Formativa1Version1</ownerDesignName>
<engineerTo>
<item key="80CC7CFE-1741-84C4-4D80-700E08804A14" value="true"/>
</engineerTo>
<pk>true</pk>
<usedAttributes>
<attributeRef>49C90C60-2BBC-6594-91D2-AC15E56ABFCD</attributeRef>
</usedAttributes>
</identifier>
</identifiers>
</Entity>