<?xml version = '1.0' encoding = 'UTF-8'?>
<relationalModel class="oracle.dbtools.crest.model.design.relational.RelationalDesign" name="Relational_1" id="80CC7CFE-1741-84C4-4D80-700E08804A14" mainViewID="541D881A-504A-5D06-6EE0-222E4D022104">
<createdBy>figue</createdBy>
<createdTime>2026-01-07 10:35:13 UTC</createdTime>
<ownerDesignName>Formativa1Version1</ownerDesignName>
<shouldBeOpen>false</shouldBeOpen>
<selectedRDBMSSite>32076570-2523-435C-2E92-BF29817DFF70</selectedRDBMSSite>
</relationalModel>