<?xml version = '1.0' encoding = 'UTF-8'?>
<Diagram class="oracle.dbtools.crest.swingui.logical.DPVLogical" name="Logical" id="788F6AB3-1BC7-015C-2549-62244BD4E0EB">
<createdBy>figue</createdBy>
<modifiedBy>figue</modifiedBy>
<createdTime>2026-01-07 10:37:35 UTC</createdTime>
<autoRoute>false</autoRoute>
<boxInbox>true</boxInbox>
<showLegend>false</showLegend>
<showLabels>false</showLabels>
<showRelAttributes>false</showRelAttributes>
<gridEnabled>false</gridEnabled>
<showGrid>false</showGrid>
<diagramColor>-1</diagramColor>
<display>false</display>
<notation>0</notation>
<objectViews>
<OView class="oracle.dbtools.crest.swingui.logical.TVEntity" oid="C7D4ABF9-14FC-10E3-F3CB-8BED68560969" otype="Entity" vid="AABFDCE4-990F-FE45-0422-7F2A687C02EA">
<hideElementsInCurrentOnly>false</hideElementsInCurrentOnly>
<bounds x="325" y="69" width="219" height="142"/>
</OView>
<OView class="oracle.dbtools.crest.swingui.logical.TVEntity" oid="CEAE0C89-CC5E-0331-BC7E-BB3BA67C87C8" otype="Entity" vid="02C48E57-5850-AB9E-C477-45DC1865020F">
<hideElementsInCurrentOnly>false</hideElementsInCurrentOnly>
<bounds x="595" y="300" width="214" height="116"/>
</OView>
<OView class="oracle.dbtools.crest.swingui.logical.TVEntity" oid="EE202C33-7A6F-D031-9C18-1A44F535707F" otype="Entity" vid="0D17D57F-9A0F-183E-AAEF-358C50EFFD98">
<hideElementsInCurrentOnly>false</hideElementsInCurrentOnly>
<bounds x="320" y="291" width="207" height="164"/>
</OView>
<OView class="oracle.dbtools.crest.swingui.logical.TVEntity" oid="FA8EE34B-A96C-B7A8-E800-D60BF0C4EDBD" otype="Entity" vid="21EBDAE0-E281-2D7F-85A0-9760160B2395">
<hideElementsInCurrentOnly>false</hideElementsInCurrentOnly>
<bounds x="40" y="258" width="235" height="185"/>
</OView>
</objectViews>
<connectors>
<Connector class="oracle.dbtools.crest.swingui.logical.TVRelation" oid="66943B3D-6063-8971-DFEC-6F7454590CCF" otype="Relation" vid_source="21EBDAE0-E281-2D7F-85A0-9760160B2395" vid_target="0D17D57F-9A0F-183E-AAEF-358C50EFFD98">
<hideElementsInCurrentOnly>false</hideElementsInCurrentOnly>
<backgroundColor>-16777216</backgroundColor>
<lineWidth>1</lineWidth>
<points>
<point x="275" y="367"/>
<point x="320" y="367"/>
</points>
</Connector>
<Connector class="oracle.dbtools.crest.swingui.logical.TVRelation" oid="6E77CB64-FFBB-D81C-F2B1-561D293FE066" otype="Relation" vid_source="02C48E57-5850-AB9E-C477-45DC1865020F" vid_target="0D17D57F-9A0F-183E-AAEF-358C50EFFD98">
<hideElementsInCurrentOnly>false</hideElementsInCurrentOnly>
<backgroundColor>-16777216</backgroundColor>
<lineWidth>1</lineWidth>
<points>
<point x="595" y="358"/>
<point x="527" y="358"/>
</points>
</Connector>
<Connector class="oracle.dbtools.crest.swingui.logical.TVRelation" oid="9C22A244-023B-BF63-2042-3D64AB74EF5E" otype="Relation" vid_source="AABFDCE4-990F-FE45-0422-7F2A687C02EA" vid_target="0D17D57F-9A0F-183E-AAEF-358C50EFFD98">
<hideElementsInCurrentOnly>false</hideElementsInCurrentOnly>
<backgroundColor>-16777216</backgroundColor>
<lineWidth>1</lineWidth>
<points>
<point x="427" y="211"/>
<point x="426" y="291"/>
</points>
</Connector>
</connectors>
</Diagram>